{"timestamps": [1513044881.115157, 1513044881.890302, 1513044882.869402, 1513044884.310315, 1513044884.806146, 1513044886.401794, 1513044887.886477, 1513044889.385027, 1513044891.247747, 1513044893.100936, 1513044893.749665, 1513044895.521204, 1513044896.123795, 1513044899.975978, 1513044901.518164, 1513044902.259943, 1513044902.880636], "initial_reset_timestamp": 1513044879.118317, "episode_types": ["t", "t", "t", "t", "t", "t", "t", "t", "t", "t", "t", "t", "t", "t", "t", "t", "t", "t"], "episode_lengths": [73, 70, 68, 133, 43, 142, 136, 134, 163, 138, 52, 147, 52, 257, 104, 42, 43], "episode_rewards": [-112.00832027812507, -116.47308222160363, -109.68685282232346, -115.44144955444568, -122.7073197413822, -115.56885534085998, -116.37476669453808, -116.08014608933013, -116.36160800769139, -127.3068242304592, -117.33035487373625, -132.93606339175832, -117.1182309263031, -120.77075011558134, -115.31523668849933, -121.72489639421684, -121.32252607036652]}